Name,Club,Position,Nationality,Age,Appearances,Wins,Losses,Goals,Tackles,Assists,Passes,Crosses,Fouls,Offsides,Interceptions,Jersey Number,Yellow cards,Red cards
Aaron Connolly,Brighton-and-Hove-Albion,Forward,Ireland,20,26,8,12,4,8,1,161,9,17,16,0,7,0,0
Aaron Cresswell,West-Ham-United,Defender,England,30,190,61,75,8,212,18,6957,752,88,18,230,3,23,1
Aaron Ramsdale,Sheffield-United,Goalkeeper,England,22,39,9,23,0,,1,1000,,0,,,1,0,0
Aaron Wan-Bissaka,Manchester-United,Defender,England,22,77,32,26,0,287,7,3019,179,46,3,165,29,13,1
Abdoulaye Doucouré,Everton,Midfielder,France,27,131,40,65,17,235,11,6811,71,145,10,143,16,31,0
Aboubakar Kamara,Fulham,Forward,France,25,15,2,10,3,8,0,262,20,26,7,1,47,2,0
Adam Forshaw,Leeds-United,Midfielder,England,28,35,6,16,0,62,1,1355,51,33,1,36,4,4,0
Adam Lallana,Brighton-and-Hove-Albion,Midfielder,England,32,198,98,50,30,322,28,6407,489,142,57,166,14,17,0
Adam Webster,Brighton-and-Hove-Albion,Defender,England,25,33,8,13,3,33,1,2001,6,14,0,48,4,4,0
Adama Traoré,Wolverhampton-Wanderers,Forward,Spain,24,105,27,47,5,86,12,1434,327,80,13,27,37,4,0
Adrien Silva,Leicester-City,Midfielder,Portugal,31,14,4,7,0,24,1,512,4,9,0,15,23,3,0
Adrián,Liverpool,Goalkeeper,Spain,33,136,56,44,0,,0,3401,,5,,,13,10,2
Adrián Bernabé,Manchester-City,Midfielder,Spain,19,0,0,0,0,0,0,0,0,0,0,0,82,0,0
Ahmed El Mohamady,Aston-Villa,Defender,Egypt,33,183,48,91,6,267,13,6628,916,152,13,246,27,12,1
Ahmed Hegazi,West-Bromwich-Albion,Defender,Egypt,29,38,6,19,2,58,0,1186,10,24,2,60,26,4,0
Ainsley Maitland-Niles,Arsenal,Midfielder,England,23,54,26,16,1,101,3,1867,57,35,1,62,15,6,2
Ajibola Alese,West-Ham-United,Defender,England,19,0,0,0,0,0,0,0,0,0,0,0,42,0,0
Aleksandar Mitrovic,Fulham,Forward,Serbia,26,79,17,46,23,44,7,1841,14,117,51,13,9,12,2
Alex Cochrane,Brighton-and-Hove-Albion,Defender,England,20,0,0,0,0,0,0,0,0,0,0,0,50,0,0
Alex Iwobi,Everton,Forward,Nigeria,24,126,59,41,12,99,16,3921,151,42,6,44,17,2,0
Alex McCarthy,Southampton,Goalkeeper,England,30,96,26,43,0,,0,2325,,1,,,1,3,0
Alex Oxlade-Chamberlain,Liverpool,Midfielder,England,27,196,114,41,16,188,22,4570,421,104,13,133,15,10,0
Alexandre Lacazette,Arsenal,Forward,France,29,99,46,28,39,92,16,2045,60,127,62,30,9,11,0
Alexis Mac Allister,Brighton-and-Hove-Albion,Midfielder,Argentina,21,9,3,2,0,9,0,98,23,4,1,1,10,0,0
Alfie McCalmont,Leeds-United,Midfielder,Northern Ireland,20,0,0,0,0,0,0,0,0,0,0,0,38,0,0
Alfie Whiteman,Tottenham-Hotspur,Goalkeeper,England,21,0,0,0,0,,0,0,,0,,,41,0,0
Alireza Jahanbakhsh,Brighton-and-Hove-Albion,Forward,Iran,27,31,8,16,2,41,0,401,48,21,7,14,16,2,0
Alisson,Liverpool,Goalkeeper,Brazil,27,69,55,4,0,,1,1924,,1,,,1,1,1
Allan,Everton,Midfielder,Brazil,29,2,2,0,0,9,0,140,2,4,0,3,6,0,0
Allan Saint-Maximin,Newcastle-United,Forward,France,23,28,11,9,3,15,4,458,46,19,3,9,10,0,0
Alphonse Areola,Fulham,Goalkeeper,France,27,1,0,1,0,,0,29,,0,,,1,0,0
Andreas Christensen,Chelsea,Defender,Denmark,24,59,29,18,0,76,0,3213,0,35,1,74,4,6,1
Andreas Pereira,Manchester-United,Midfielder,Brazil,24,45,21,13,2,34,4,1111,88,42,4,20,15,10,0
Andrew Robertson,Liverpool,Defender,Scotland,26,153,86,36,4,270,33,8312,655,80,11,191,26,20,0
Andriy Yarmolenko,West-Ham-United,Forward,Ukraine,30,34,10,16,7,18,1,626,35,25,9,8,7,5,0
Andros Townsend,Crystal-Palace,Midfielder,England,29,211,78,91,22,353,22,4717,923,78,22,177,10,14,0
André Gomes,Everton,Midfielder,Portugal,27,48,18,19,1,64,2,2169,28,89,0,27,21,13,0
André-Frank Zambo Anguissa,Fulham,Midfielder,Cameroon,24,24,4,18,0,54,1,1113,3,26,2,37,29,1,1
Andy Carroll,Newcastle-United,Forward,England,31,232,81,92,53,103,22,4726,114,321,77,74,7,33,2
Angelo Ogbonna,West-Ham-United,Defender,Italy,32,137,47,53,4,171,1,4633,9,88,1,208,21,16,0
Angus Gunn,Southampton,Goalkeeper,England,24,22,6,10,0,,0,520,,0,,,28,0,0
Anthony Driscoll-Glennon,Burnley,Defender,England,20,0,0,0,0,0,0,0,0,0,0,0,45,0,0
Anthony Gordon,Everton,Forward,England,19,11,3,4,0,11,1,113,7,10,1,8,24,0,0
Anthony Martial,Manchester-United,Forward,France,24,146,73,37,51,77,23,3712,200,125,49,29,9,8,0
Antonee Robinson,Fulham,Defender,United States,23,0,0,0,0,0,0,0,0,0,0,0,33,0,0
Antonio Rüdiger,Chelsea,Defender,Germany,27,80,45,21,5,93,1,5738,18,73,3,72,2,14,0
Anwar El Ghazi,Aston-Villa,Midfielder,Netherlands,25,34,7,19,4,20,4,479,107,20,12,13,21,3,0
Arthur Masuaku,West-Ham-United,Defender,The Democratic Republic Of Congo,26,81,26,33,0,196,6,2578,197,72,2,102,26,12,1
Ashley Barnes,Burnley,Forward,England,30,155,45,71,38,103,6,2475,62,269,92,33,10,32,2
Ashley Westwood,Burnley,Midfielder,England,30,222,65,106,9,336,25,9880,657,195,2,321,18,38,0
Axel Tuanzebe,Manchester-United,Defender,England,22,10,4,3,0,11,0,279,1,9,0,12,38,0,0
Aymeric Laporte,Manchester-City,Defender,France,26,59,50,6,4,63,3,4957,8,40,2,70,14,5,0
Ayoze Pérez,Leicester-City,Forward,Spain,27,178,58,79,41,240,13,3435,197,182,46,137,17,9,0
Bailey Peacock-Farrell,Burnley,Goalkeeper,Northern Ireland,23,0,0,0,0,,0,0,,0,,,15,0,0
Barry Douglas,Leeds-United,Defender,Scotland,31,0,0,0,0,0,0,0,0,0,0,0,3,0,0
Ben Chilwell,Chelsea,Defender,England,23,99,40,36,4,157,9,4540,337,81,8,117,21,10,1
Ben Davies,Tottenham-Hotspur,Defender,Wales,27,201,96,59,6,390,15,8593,587,162,4,263,33,26,0
Ben Johnson,West-Ham-United,Defender,England,20,4,1,1,0,9,0,135,11,8,0,4,31,0,0
Ben Mee,Burnley,Defender,England,31,166,49,77,4,240,4,6088,70,118,6,260,6,36,0
Ben Osborn,Sheffield-United,Midfielder,England,26,14,8,3,0,15,0,244,18,9,1,6,23,0,0
Ben White,Brighton-and-Hove-Albion,Defender,England,22,2,1,1,0,2,0,101,1,2,0,2,3,0,0
Ben Woodburn,Liverpool,Forward,Wales,20,6,5,1,0,4,0,40,5,2,0,0,58,0,0
Beni Baningime,Everton,Midfielder,The Democratic Republic Of Congo,22,8,2,2,0,6,0,82,0,4,0,2,34,1,0
Benjamin Mendy,Manchester-City,Defender,France,26,37,29,3,0,40,8,1999,176,32,1,35,22,7,0
Bernard,Everton,Forward,Brazil,28,61,23,23,4,81,5,1346,87,36,2,43,20,7,0
Bernardo,Brighton-and-Hove-Albion,Defender,Brazil,25,36,9,16,0,89,1,1115,48,20,6,40,30,5,0
Bernardo Silva,Manchester-City,Midfielder,Portugal,26,105,81,15,19,115,18,4015,192,63,4,59,20,8,0
Bernd Leno,Arsenal,Goalkeeper,Germany,28,64,28,16,0,,0,1783,,0,,,1,2,0
Bertrand Traoré,Aston-Villa,Forward,Burkina Faso,25,10,2,4,2,9,1,136,3,3,5,2,,0,0
Billy Gilmour,Chelsea,Midfielder,Scotland,19,6,5,0,0,5,0,172,1,3,0,3,23,0,0
Billy Sharp,Sheffield-United,Forward,England,34,28,7,13,3,7,2,233,13,20,14,1,10,1,1
Björn Engels,Aston-Villa,Defender,Belgium,26,17,3,12,1,11,0,647,2,5,1,28,22,1,0
Bobby De Cordova-Reid,Fulham,Forward,Jamaica,27,29,7,19,6,17,2,324,7,6,11,3,14,0,0
Bobby Thomas,Burnley,Defender,England,19,0,0,0,0,0,0,0,0,0,0,0,37,0,0
Brandon Austin,Tottenham-Hotspur,Goalkeeper,England,21,0,0,0,0,,0,0,,0,,,40,0,0
Brandon Pierrick,Crystal-Palace,Forward,England,18,2,0,1,0,0,0,7,2,0,0,0,40,0,0
Brandon Williams,Manchester-United,Defender,England,20,17,8,3,1,21,0,551,12,13,1,16,33,6,0
Branislav Ivanovic,West-Bromwich-Albion,Defender,Serbia,36,261,152,50,22,528,20,9871,520,293,18,393,20,55,2
Bruno Fernandes,Manchester-United,Midfielder,Portugal,26,15,9,1,8,24,7,871,87,10,2,11,18,2,0
Bukayo Saka,Arsenal,Midfielder,England,19,28,11,7,1,36,5,716,69,22,13,12,7,6,0
Callum Hudson-Odoi,Chelsea,Forward,England,19,35,18,12,1,18,6,641,87,12,6,8,20,1,0
Callum Robinson,West-Bromwich-Albion,Forward,Ireland,25,22,3,10,1,7,1,190,22,13,5,7,7,1,0
Callum Wilson,Newcastle-United,Forward,England,28,128,39,60,42,41,12,1694,78,177,94,19,13,13,0
Calum Chambers,Arsenal,Defender,England,25,139,47,57,6,257,3,5935,210,137,2,247,21,28,1
Cameron Carter-Vickers,Tottenham-Hotspur,Defender,United States,22,0,0,0,0,0,0,0,0,0,0,0,,0,0
Caoimhin Kelleher,Liverpool,Goalkeeper,Ireland,21,0,0,0,0,,0,0,,0,,,62,0,0
Cengiz Ünder,Leicester-City,Midfielder,Turkey,23,0,0,0,0,0,0,0,0,0,0,0,,0,0
Cenk Tosun,Everton,Forward,Turkey,29,49,14,19,10,23,3,619,15,50,19,6,14,3,0
Charlie Austin,West-Bromwich-Albion,Forward,England,31,106,25,55,34,62,8,1500,54,83,68,17,15,8,1
Charlie Cresswell,Leeds-United,Defender,England,17,0,0,0,0,0,0,0,0,0,0,0,35,0,0
Charlie Taylor,Burnley,Defender,England,27,74,23,33,0,111,2,2249,238,39,3,86,3,8,0
Che Adams,Southampton,Forward,England,24,32,13,14,4,6,2,282,13,20,11,2,10,1,0
Cheikhou Kouyaté,Crystal-Palace,Midfielder,Senegal,30,197,64,76,13,446,10,5799,104,242,16,310,8,25,1
Chris Basham,Sheffield-United,Defender,England,32,61,20,24,1,126,3,1656,65,39,5,93,6,5,0
Chris Smalling,Manchester-United,Defender,England,30,219,122,56,12,283,2,8092,63,192,14,360,12,18,1
Chris Wood,Burnley,Forward,New Zealand,28,105,35,43,36,28,4,1535,25,84,117,7,9,4,0
Christian Atsu,Newcastle-United,Midfielder,Ghana,28,80,25,32,3,52,6,1096,117,34,14,26,30,5,0
Christian Benteke,Crystal-Palace,Forward,Belgium,29,225,73,107,72,80,20,5666,36,357,203,26,17,35,3
Christian Fuchs,Leicester-City,Defender,Austria,34,107,48,32,2,255,9,4051,325,79,2,248,28,15,0
Christian Pulisic,Chelsea,Midfielder,United States,22,25,13,9,9,23,4,668,35,14,3,6,10,0,0
Christian Walton,Brighton-and-Hove-Albion,Goalkeeper,England,24,0,0,0,0,,0,0,,0,,,31,0,0
Ciaran Clark,Newcastle-United,Defender,Ireland,30,179,45,85,14,306,5,5675,41,171,2,304,2,47,2
Connor Wickham,Crystal-Palace,Forward,England,27,120,29,59,19,93,7,2003,112,147,26,53,21,11,0
Conor Coady,Wolverhampton-Wanderers,Defender,England,27,79,33,23,0,71,0,3617,0,28,0,62,16,10,0
Conor Coventry,West-Ham-United,Midfielder,Ireland,20,0,0,0,0,0,0,0,0,0,0,0,54,0,0
Conor Gallagher,West-Bromwich-Albion,Midfielder,England,20,0,0,0,0,0,0,0,0,0,0,0,18,0,0
Conor Hourihane,Aston-Villa,Midfielder,Ireland,29,28,8,13,3,16,5,665,124,15,4,9,14,4,0
Conor Townsend,West-Bromwich-Albion,Defender,England,27,0,0,0,0,0,0,0,0,0,0,0,14,0,0
Curtis Jones,Liverpool,Midfielder,England,19,7,6,0,1,4,0,143,0,4,0,2,17,0,0
Cédric Kipré,West-Bromwich-Albion,Defender,Cote D'Ivoire,23,0,0,0,0,0,0,0,0,0,0,0,24,0,0
César Azpilicueta,Chelsea,Defender,Spain,31,272,158,56,8,722,31,15647,577,240,10,475,28,23,1
Dale Stephens,Brighton-and-Hove-Albion,Midfielder,England,31,99,24,45,1,261,5,4785,6,136,0,167,6,20,1
Dan Burn,Brighton-and-Hove-Albion,Defender,England,28,44,11,19,0,73,0,1792,51,38,3,51,33,5,0
Dani Ceballos,Arsenal,Midfielder,Spain,24,26,14,6,0,49,3,1372,71,21,0,37,8,1,0
Daniel Amartey,Leicester-City,Defender,Ghana,25,46,17,19,1,68,1,1469,6,41,1,50,18,5,1
Daniel Barlaser,Newcastle-United,Midfielder,England,23,0,0,0,0,0,0,0,0,0,0,0,32,0,0
Daniel James,Manchester-United,Midfielder,Wales,22,34,15,9,3,22,6,722,100,14,2,7,21,4,0
Daniel Langley,Newcastle-United,Goalkeeper,England,19,0,0,0,0,,0,0,,0,,,41,0,0
Daniel Podence,Wolverhampton-Wanderers,Midfielder,Portugal,24,11,5,2,1,7,2,143,9,6,3,2,10,0,0
Danny Ings,Southampton,Forward,England,28,113,32,47,45,106,9,1938,94,91,43,37,9,11,0
Danny Ward,Leicester-City,Goalkeeper,Wales,27,2,1,1,0,,0,49,,0,,,12,0,0
Dara O'Shea,West-Bromwich-Albion,Defender,Ireland,21,2,0,2,0,8,0,79,0,2,0,1,27,0,0
Darnell Furlong,West-Bromwich-Albion,Defender,England,24,5,0,5,0,3,0,117,12,5,1,9,2,1,0
Darren Randolph,West-Ham-United,Goalkeeper,Ireland,33,31,10,14,0,,0,839,,0,,,35,1,0
David Button,West-Bromwich-Albion,Goalkeeper,England,31,4,1,2,0,,0,99,,0,,,25,0,0
David Luiz,Arsenal,Defender,Brazil,33,194,113,38,13,240,7,10165,67,212,5,344,23,40,3
David Martin,West-Ham-United,Goalkeeper,England,34,5,2,3,0,,0,111,,0,,,25,1,0
David McGoldrick,Sheffield-United,Forward,Ireland,32,30,10,10,2,41,2,636,10,33,12,3,17,2,0
David de Gea,Manchester-United,Goalkeeper,Spain,29,314,174,66,0,,0,7009,,1,,,1,6,0
Davinson Sánchez,Tottenham-Hotspur,Defender,Colombia,24,84,46,21,1,122,1,4901,5,73,1,102,6,9,1
Davy Pröpper,Brighton-and-Hove-Albion,Midfielder,Netherlands,29,100,24,44,2,187,7,4384,67,105,3,151,24,8,1
DeAndre Yedlin,Newcastle-United,Defender,United States,27,103,29,48,2,169,5,2500,219,102,15,107,22,16,1
Dean Henderson,Manchester-United,Goalkeeper,England,23,36,14,11,0,,0,934,,0,,,26,2,0
Declan Rice,West-Ham-United,Midfielder,England,21,101,33,44,3,254,3,3942,39,64,3,160,41,11,0
Dele Alli,Tottenham-Hotspur,Midfielder,England,24,157,90,34,50,237,33,5517,76,178,31,127,20,24,0
Demarai Gray,Leicester-City,Midfielder,England,24,132,53,50,10,76,9,1920,263,36,12,39,7,7,0
Denis Odoi,Fulham,Defender,Belgium,32,33,7,21,0,49,1,1434,16,39,1,45,4,4,0
Dennis Cirkin,Tottenham-Hotspur,Defender,England,18,0,0,0,0,0,0,0,0,0,0,0,49,0,0
Dennis Praet,Leicester-City,Midfielder,Belgium,26,29,13,11,2,37,3,604,25,20,1,20,26,2,0
Diogo Dalot,Manchester-United,Defender,Portugal,21,20,9,7,0,27,2,474,53,13,2,12,20,3,0
Diogo Jota,Liverpool,Forward,Portugal,23,67,27,19,16,56,6,1585,74,84,9,22,20,15,0
Divock Origi,Liverpool,Forward,Belgium,25,91,57,14,19,34,6,861,68,47,26,7,27,1,0
Dominic Calvert-Lewin,Everton,Forward,England,23,116,43,46,28,42,9,1588,47,138,36,29,9,17,0
Donny van de Beek,Manchester-United,Midfielder,Netherlands,23,1,0,1,1,1,0,22,0,0,0,0,34,0,0
Douglas Luiz,Aston-Villa,Midfielder,Brazil,22,37,10,20,3,46,2,1300,25,51,0,36,6,8,0
Dwight Gayle,Newcastle-United,Forward,England,29,119,28,64,25,61,6,1201,64,77,34,26,12,8,1
Dwight McNeil,Burnley,Midfielder,England,20,61,23,25,5,83,12,1509,377,45,1,43,11,7,0
Eberechi Eze,Crystal-Palace,Midfielder,England,22,2,2,0,0,2,0,14,3,0,0,0,25,0,0
Eddie Nketiah,Arsenal,Forward,England,21,23,12,8,4,9,0,172,1,18,5,2,30,0,1
Ederson,Manchester-City,Goalkeeper,Brazil,27,110,87,14,0,,1,2781,,4,,,31,6,1
Eldin Jakupovic,Leicester-City,Goalkeeper,Switzerland,35,28,9,13,0,,0,769,,0,,,35,0,0
Elia Caprile,Leeds-United,Goalkeeper,Italy,19,0,0,0,0,,0,0,,0,,,25,0,0
Emerson,Chelsea,Defender,Italy,26,30,11,14,0,43,1,1285,97,15,2,28,33,3,0
Emil Krafth,Newcastle-United,Defender,Sweden,26,17,5,8,0,18,1,329,20,4,0,8,17,0,0
Emile Smith Rowe,Arsenal,Midfielder,England,20,2,0,1,0,1,0,35,1,0,0,1,32,0,0
Emiliano Martínez,Aston-Villa,Goalkeeper,Argentina,28,16,9,6,0,,0,397,,1,,,26,2,0
Emmanuel Longelo,West-Ham-United,Forward,England,19,0,0,0,0,0,0,0,0,0,0,0,56,0,0
Enda Stevens,Sheffield-United,Defender,Ireland,30,47,16,17,2,98,4,1670,135,46,2,48,3,8,0
Eric Bailly,Manchester-United,Defender,Cote D'Ivoire,26,54,35,7,1,92,0,1682,2,45,0,102,3,6,1
Eric Dier,Tottenham-Hotspur,Midfielder,England,26,176,102,36,10,286,8,9661,121,164,6,257,15,33,0
Eric García,Manchester-City,Defender,Spain,19,13,11,2,0,6,0,728,1,9,0,18,50,1,0
Erik Lamela,Tottenham-Hotspur,Midfielder,Argentina,28,155,81,36,16,247,23,4019,374,213,28,103,11,26,0
Erik Pieters,Burnley,Defender,Netherlands,32,194,61,79,1,538,11,6880,455,300,5,354,23,34,0
Ethan Ampadu,Sheffield-United,Defender,Wales,20,2,1,1,0,2,0,28,0,0,0,0,22,0,0
Ezgjan Alioski,Leeds-United,Midfielder,Macedonia,,1,1,0,0,1,0,11,1,1,0,1,10,0,0
Ezri Konsa Ngoyo,Aston-Villa,Defender,England,22,26,8,12,2,19,2,810,13,17,1,27,4,3,0
Fabian Delph,Everton,Midfielder,England,30,185,76,73,7,395,8,8857,195,140,1,283,8,29,3
Fabian Schär,Newcastle-United,Defender,Switzerland,28,46,17,21,6,99,1,1755,29,57,3,114,5,17,0
Fabinho,Liverpool,Midfielder,Brazil,26,58,46,4,3,126,5,3291,19,63,0,67,3,12,0
Fabián Balbuena,West-Ham-United,Defender,Paraguay,29,40,15,19,2,57,0,1335,2,25,0,79,4,4,0
Fabri,Fulham,Goalkeeper,Spain,32,2,0,2,0,,0,47,,0,,,31,0,0
Federico Fernández,Newcastle-United,Defender,Argentina,31,170,55,72,4,254,7,7218,48,135,8,305,18,25,0
Felipe Anderson,West-Ham-United,Midfielder,Brazil,27,63,20,32,10,136,8,2567,155,44,7,63,8,4,0
Fernandinho,Manchester-City,Midfielder,Brazil,35,225,156,36,18,549,16,14806,69,324,4,353,25,46,4
Ferran Torres,Manchester-City,Forward,Spain,20,1,1,0,0,0,0,1,0,0,0,0,21,0,0
Fikayo Tomori,Chelsea,Defender,England,22,17,9,5,1,32,0,1193,4,8,1,24,14,3,0
Filip Benkovic,Leicester-City,Defender,Croatia,23,0,0,0,0,0,0,0,0,0,0,0,16,0,0
Florin Andone,Brighton-and-Hove-Albion,Forward,Romania,27,26,5,14,4,11,0,177,5,30,4,3,21,5,1
Fousseni Diabaté,Leicester-City,Forward,Mali,24,15,3,7,0,11,1,241,12,1,2,8,27,1,0
Fraser Forster,Southampton,Goalkeeper,England,32,107,44,38,0,,0,2515,,0,,,44,4,0
Fred,Manchester-United,Midfielder,Brazil,27,46,22,14,1,89,1,2437,76,67,2,54,17,10,0
Frédéric Guilbert,Aston-Villa,Defender,France,25,25,7,13,0,74,2,749,91,36,2,49,24,7,0
Fábio Silva,Wolverhampton-Wanderers,Forward,Portugal,18,1,0,1,0,0,0,1,0,0,0,0,17,0,0
Gabriel Jesus,Manchester-City,Forward,Brazil,23,103,80,12,42,56,17,1830,14,79,59,25,9,13,0
Gabriel Magalhães,Arsenal,Defender,Brazil,22,2,2,0,1,2,0,197,0,3,0,2,6,0,0
Gabriel Martinelli,Arsenal,Forward,Brazil,19,14,3,3,3,20,0,116,22,9,2,3,35,1,0
Gareth Bale,Tottenham-Hotspur,Forward,Wales,31,146,62,41,42,220,20,4663,1021,86,30,240,9,15,1
Gary Cahill,Crystal-Palace,Defender,England,34,374,166,126,27,471,10,12718,23,266,3,452,24,38,3
Gedson Fernandes,Tottenham-Hotspur,Midfielder,Portugal,21,7,3,1,0,2,0,39,7,0,0,1,30,0,0
George Baldock,Sheffield-United,Defender,England,27,40,14,14,2,64,3,1178,136,52,11,36,2,7,0
Georginio Wijnaldum,Liverpool,Midfielder,Netherlands,29,181,111,32,25,200,16,7603,67,84,15,117,5,7,0
Giovani Lo Celso,Tottenham-Hotspur,Midfielder,Argentina,24,29,11,8,0,51,2,995,57,30,0,9,18,7,0
Gonçalo Cardoso,West-Ham-United,Defender,Portugal,19,0,0,0,0,0,0,0,0,0,0,0,29,0,0
Grady Diangana,West-Bromwich-Albion,Midfielder,England,22,19,7,10,1,23,1,298,14,4,2,4,11,0,0
Granit Xhaka,Arsenal,Midfielder,Switzerland,27,132,70,33,8,254,13,9739,274,196,2,133,34,35,2
Gylfi Sigurdsson,Everton,Midfielder,Iceland,31,284,114,110,61,348,45,7752,1363,193,16,283,10,20,0
Hakim Ziyech,Chelsea,Midfielder,Morocco,27,0,0,0,0,0,0,0,0,0,0,0,22,0,0
Hal Robson-Kanu,West-Bromwich-Albion,Forward,Wales,31,76,16,39,12,21,3,682,101,76,13,29,4,5,1
Hamza Choudhury,Leicester-City,Midfielder,England,22,37,16,13,1,50,2,900,8,24,0,47,20,3,1
Harrison Ashby,West-Ham-United,Defender,Scotland,18,0,0,0,0,0,0,0,0,0,0,0,50,0,0
Harrison Reed,Fulham,Midfielder,England,25,19,9,5,0,36,0,419,4,8,0,26,21,0,0
Harry Kane,Tottenham-Hotspur,Forward,England,27,212,120,48,144,139,24,4408,178,208,160,59,10,26,0
Harry Lewis,Southampton,Goalkeeper,England,22,0,0,0,0,,0,0,,0,,,41,0,0
Harry Maguire,Manchester-United,Defender,England,27,140,50,58,8,191,7,7325,34,117,17,233,5,26,1
Harry Wilson,Liverpool,Midfielder,Wales,23,31,7,19,7,23,0,575,35,12,1,11,59,2,0
Harry Winks,Tottenham-Hotspur,Midfielder,England,24,96,58,23,2,88,2,4198,54,59,2,73,8,14,0
Harvey Barnes,Leicester-City,Midfielder,England,22,57,26,21,8,28,11,1083,67,30,6,11,15,0,0
Harvey Elliott,Liverpool,Midfielder,England,17,4,2,2,0,0,0,22,3,0,0,0,67,0,0
Harvey White,Tottenham-Hotspur,Midfielder,England,19,0,0,0,0,0,0,0,0,0,0,0,48,0,0
Haydon Roberts,Brighton-and-Hove-Albion,Defender,England,18,0,0,0,0,0,0,0,0,0,0,0,58,0,0
Henri Lansbury,Aston-Villa,Midfielder,England,29,13,4,8,0,7,0,115,2,5,1,1,8,1,0
Henri Saivet,Newcastle-United,Midfielder,Senegal,29,5,3,2,1,18,0,106,2,1,0,9,28,0,0
Hugo Lloris,Tottenham-Hotspur,Goalkeeper,France,33,262,153,56,0,,0,6702,,3,,,1,3,0
Héctor Bellerín,Arsenal,Defender,Spain,25,160,90,37,7,214,18,7125,389,125,8,208,2,23,0
Ian Poveda-Ocampo,Leeds-United,Forward,England,20,0,0,0,0,0,0,0,0,0,0,0,7,0,0
Ilkay Gündogan,Manchester-City,Midfielder,Germany,29,102,75,17,15,83,6,5854,143,45,2,84,8,13,0
Isaac Hayden,Newcastle-United,Midfielder,England,25,82,31,31,3,171,6,2149,66,92,2,104,14,15,2
Islam Slimani,Leicester-City,Forward,Algeria,32,39,14,18,8,14,5,580,10,30,15,4,13,2,0
Issa Diop,West-Ham-United,Defender,France,23,67,23,29,4,97,1,2212,1,49,4,114,23,12,0
Ivan Cavaleiro,Fulham,Forward,Portugal,26,25,10,11,3,6,1,357,59,15,6,7,17,1,0
Jack Clarke,Tottenham-Hotspur,Forward,England,19,0,0,0,0,0,0,0,0,0,0,0,47,0,0
Jack Cork,Burnley,Midfielder,England,31,264,96,105,8,466,9,11059,151,211,13,400,4,32,0
Jack Grealish,Aston-Villa,Midfielder,England,25,71,17,42,9,45,7,2098,202,47,6,44,10,9,0
Jack Harrison,Leeds-United,Midfielder,England,23,2,1,1,1,3,0,47,4,1,3,2,22,0,0
Jack O'Connell,Sheffield-United,Defender,England,26,35,13,11,0,26,1,1634,52,22,3,44,5,4,0
Jack Robinson,Sheffield-United,Defender,England,27,9,2,3,0,14,0,291,7,5,1,10,19,1,0
Jack Rodwell,Sheffield-United,Midfielder,England,29,167,50,64,10,212,4,3881,67,135,7,113,26,26,1
Jack Stephens,Southampton,Defender,England,26,93,25,40,4,123,4,3850,20,55,3,136,5,16,2
Jack Wilshere,West-Ham-United,Midfielder,England,28,182,87,52,8,217,18,7494,239,169,10,153,19,36,2
Jacob Murphy,Newcastle-United,Midfielder,England,25,34,6,22,1,19,2,325,56,12,1,7,23,0,0
Jacob Ramsey,Aston-Villa,Midfielder,England,19,0,0,0,0,0,0,0,0,0,0,0,41,0,0
Jairo Riedewald,Crystal-Palace,Midfielder,Netherlands,24,29,8,13,0,25,0,484,8,6,0,29,44,0,0
Jake Livermore,West-Bromwich-Albion,Midfielder,England,30,180,52,87,7,363,9,6813,56,199,3,227,8,30,1
Jake Vokins,Southampton,Defender,England,20,1,0,0,0,2,0,58,1,0,0,0,29,0,0
Jamaal Lascelles,Newcastle-United,Defender,England,26,109,34,48,6,90,1,3699,5,69,3,123,6,16,1
Jamal Lewis,Newcastle-United,Defender,Northern Ireland,22,30,4,24,1,53,0,1101,48,16,2,27,15,5,0
James Justin,Leicester-City,Defender,England,22,15,8,4,1,39,1,792,46,11,1,15,2,2,0
James Maddison,Leicester-City,Midfielder,England,23,69,31,25,13,107,10,2913,429,62,6,21,10,7,1
James McArthur,Crystal-Palace,Midfielder,Scotland,32,282,93,126,23,613,18,10076,137,370,13,398,18,45,0
James McCarthy,Crystal-Palace,Midfielder,Ireland,29,258,87,102,13,674,12,10840,188,309,2,421,22,48,1
James Milner,Liverpool,Midfielder,England,34,539,272,133,55,803,84,16171,2247,438,45,437,7,65,3
James Rodríguez,Everton,Midfielder,Colombia,29,2,2,0,1,3,1,109,7,1,0,3,19,0,0
James Tarkowski,Burnley,Defender,England,27,123,48,50,5,202,3,3839,15,119,12,166,5,24,0
James Tomkins,Crystal-Palace,Defender,England,31,263,84,116,12,447,7,8210,51,167,7,443,5,46,2
James Ward-Prowse,Southampton,Midfielder,England,25,233,80,89,22,262,22,6946,1110,193,5,188,8,28,1
Jamie Shackleton,Leeds-United,Midfielder,England,20,1,0,1,0,1,0,3,0,0,0,0,46,0,0
Jamie Soule,West-Bromwich-Albion,Forward,England,19,0,0,0,0,0,0,0,0,0,0,0,32,0,0
Jamie Vardy,Leicester-City,Forward,England,33,213,86,77,105,124,29,2961,256,179,195,59,9,20,3
Jan Bednarek,Southampton,Defender,Poland,24,66,22,29,2,113,2,2655,2,58,0,154,35,12,0
Jannik Vestergaard,Southampton,Defender,Denmark,28,43,14,20,1,74,0,1709,2,27,1,62,4,5,0
Japhet Tanganga,Tottenham-Hotspur,Defender,England,21,6,1,3,0,17,0,201,2,8,0,11,25,1,0
Jaroslaw Jach,Crystal-Palace,Defender,Poland,26,0,0,0,0,0,0,0,0,0,0,0,33,0,0
Jarrad Branthwaite,Everton,Defender,England,18,4,1,2,0,8,0,223,0,4,0,2,32,0,0
Jarrod Bowen,West-Ham-United,Forward,England,23,22,4,15,1,24,4,328,71,8,1,19,20,0,0
Jason Steele,Brighton-and-Hove-Albion,Goalkeeper,England,30,0,0,0,0,,0,0,,0,,,23,0,0
Javier Manquillo,Newcastle-United,Defender,Spain,26,92,25,45,1,171,5,2235,168,72,11,100,19,15,0
Jay Rodriguez,Burnley,Forward,England,31,178,53,71,41,154,12,2835,134,156,99,82,19,11,0
Jayden Bogle,Sheffield-United,Defender,England,20,0,0,0,0,0,0,0,0,0,0,0,20,0,0
Jayson Molumby,Brighton-and-Hove-Albion,Midfielder,Ireland,21,0,0,0,0,0,0,0,0,0,0,0,49,0,0
Jean Michael Seri,Fulham,Midfielder,Cote D'Ivoire,29,32,6,21,1,41,2,1592,108,32,1,32,24,6,0
Jean-Philippe Gbamin,Everton,Midfielder,Cote D'Ivoire,24,2,1,0,0,4,0,70,0,2,0,1,25,0,0
Jed Steer,Aston-Villa,Goalkeeper,England,28,2,0,2,0,,0,32,,0,,,12,0,0
Jeff Hendrick,Newcastle-United,Midfielder,Ireland,28,124,41,55,10,91,6,3063,95,97,34,80,16,19,1
Jeffrey Schlupp,Crystal-Palace,Midfielder,Ghana,27,148,56,61,11,278,8,3156,199,109,3,177,15,15,0
Jesse Lingard,Manchester-United,Midfielder,England,27,133,68,31,18,130,10,3536,121,140,20,52,14,15,0
Jimmy Dunne,Burnley,Defender,Ireland,22,1,0,1,1,0,0,25,0,1,0,2,34,0,0
Joe Bryan,Fulham,Defender,England,27,30,6,21,0,66,1,1036,121,27,2,37,23,5,0
Joe Gelhardt,Leeds-United,Forward,England,18,0,0,0,0,0,0,0,0,0,0,0,30,0,0
Joe Hart,Tottenham-Hotspur,Goalkeeper,England,33,340,169,97,0,,1,6733,,6,,,12,7,0
Joel Matip,Liverpool,Defender,Cameroon,29,86,58,7,4,134,0,5249,6,52,1,125,32,9,0
Joel Ward,Crystal-Palace,Defender,England,30,201,66,95,4,483,5,6449,407,202,4,368,2,28,0
Joelinton,Newcastle-United,Forward,Brazil,24,40,12,17,2,36,2,836,6,32,22,11,9,7,0
John Egan,Sheffield-United,Defender,Ireland,27,38,14,13,2,46,0,1340,3,37,1,58,12,4,2
John Fleck,Sheffield-United,Midfielder,Scotland,29,32,10,13,5,39,2,1047,158,27,1,26,4,8,0
John Lundstram,Sheffield-United,Midfielder,England,26,36,12,13,5,47,3,1247,75,30,7,34,7,6,0
John McGinn,Aston-Villa,Midfielder,Scotland,25,29,7,15,3,53,3,759,67,38,0,26,7,4,0
John Ruddy,Wolverhampton-Wanderers,Goalkeeper,England,33,119,33,54,0,,0,2580,,1,,,21,3,1
John Stones,Manchester-City,Defender,England,26,163,90,39,1,180,0,8950,18,45,3,191,5,7,0
Jonas Lössl,Everton,Goalkeeper,Denmark,31,69,12,41,0,,2,2290,,0,,,49,2,0
Jonathan Bond,West-Bromwich-Albion,Goalkeeper,England,27,0,0,0,0,,0,0,,0,,,23,0,0
Jonjo Shelvey,Newcastle-United,Midfielder,England,28,215,77,86,20,261,23,8878,610,178,12,198,8,33,4
Jonjoe Kenny,Everton,Defender,England,23,31,11,15,0,64,2,1045,67,28,0,46,2,3,0
Jonny,Wolverhampton-Wanderers,Defender,Spain,26,68,27,19,3,170,3,2162,100,57,7,113,19,10,0
Jonny Evans,Leicester-City,Defender,Northern Ireland,32,297,145,86,11,457,9,13240,59,239,3,585,6,44,3
Jordan Ayew,Crystal-Palace,Forward,Ghana,29,139,37,71,25,226,9,2968,147,222,44,76,9,18,2
Jordan Henderson,Liverpool,Midfielder,England,30,342,185,79,30,673,46,17932,792,299,29,437,14,34,2
Jordan Pickford,Everton,Goalkeeper,England,26,147,48,65,0,,0,4553,,3,,,1,3,0
Jorginho,Chelsea,Midfielder,Italy,28,70,37,18,7,147,3,5482,12,63,0,130,5,18,0
Joseph Gomez,Liverpool,Defender,England,23,73,52,6,0,111,3,4387,68,58,1,100,12,15,0
Joseph Willock,Arsenal,Midfielder,England,21,33,12,12,1,30,1,398,9,13,0,6,28,2,0
Josh Benson,Burnley,Midfielder,England,20,0,0,0,0,0,0,0,0,0,0,0,41,0,0
Josh Brownhill,Burnley,Midfielder,England,24,11,5,3,0,15,0,368,3,8,0,19,8,2,0
Josh Cullen,West-Ham-United,Midfielder,Ireland,24,3,2,0,0,0,0,4,0,0,0,2,33,0,0
Josh Onomah,Fulham,Midfielder,England,23,15,8,4,0,10,0,109,5,4,1,1,25,0,0
José Izquierdo,Brighton-and-Hove-Albion,Forward,Colombia,28,47,13,19,5,38,4,728,29,26,18,21,19,3,0
Jota,Aston-Villa,Midfielder,Spain,29,10,2,7,0,3,1,93,2,6,0,3,23,0,0
João Cancelo,Manchester-City,Defender,Portugal,26,17,12,4,0,40,0,1010,47,17,0,21,27,4,0
João Moutinho,Wolverhampton-Wanderers,Midfielder,Portugal,34,78,32,23,2,210,14,3778,422,95,3,91,28,11,0
João Virgínia,Everton,Goalkeeper,Portugal,20,0,0,0,0,,0,0,,0,,,31,0,0
Joël Veltman,Brighton-and-Hove-Albion,Defender,Netherlands,28,0,0,0,0,0,0,0,0,0,0,0,34,0,0
Juan Castillo,Chelsea,Defender,Netherlands,20,0,0,0,0,0,0,0,0,0,0,0,,0,0
Juan Foyth,Tottenham-Hotspur,Defender,Argentina,22,16,8,5,1,38,0,642,2,18,0,11,21,4,1
Juan Mata,Manchester-United,Midfielder,Spain,32,262,136,61,51,196,52,11379,1099,134,102,132,8,19,1
Jóhann Gudmundsson,Burnley,Midfielder,Iceland,29,96,28,44,7,93,17,1750,439,41,6,91,7,5,0
Kai Havertz,Chelsea,Midfielder,Germany,21,2,1,1,0,3,0,41,1,2,1,0,29,0,0
Kalvin Phillips,Leeds-United,Midfielder,England,24,2,1,1,0,8,1,92,10,0,0,4,23,0,0
Kamil Grabara,Liverpool,Goalkeeper,Poland,21,0,0,0,0,,0,0,,0,,,73,0,0
Kamil Grosicki,West-Bromwich-Albion,Midfielder,Poland,32,15,4,7,0,4,4,251,84,12,6,8,13,1,0
Karl Darlow,Newcastle-United,Goalkeeper,England,29,21,5,8,0,,0,554,,0,,,26,0,0
Kasper Schmeichel,Leicester-City,Goalkeeper,Denmark,33,211,91,69,0,,0,6198,,0,,,1,11,0
Kean Bryan,Sheffield-United,Defender,England,23,0,0,0,0,0,0,0,0,0,0,0,29,0,0
Keinan Davis,Aston-Villa,Forward,England,22,19,4,9,0,1,0,149,3,12,3,0,39,0,0
Kelechi Iheanacho,Leicester-City,Forward,Nigeria,23,117,42,45,21,38,13,1327,27,80,30,11,14,6,0
Kenneth Zohore,West-Bromwich-Albion,Forward,Denmark,26,19,4,13,1,3,1,136,7,13,4,2,9,1,0
Kenny Tete,Fulham,Defender,Netherlands,24,1,0,1,0,3,1,27,6,3,0,4,2,1,0
Kepa Arrizabalaga,Chelsea,Goalkeeper,Spain,25,71,39,20,0,,0,2006,,0,,,1,2,0
Kevin De Bruyne,Manchester-City,Midfielder,Belgium,29,156,109,22,37,214,67,8407,1109,122,16,88,17,14,0
Kevin Long,Burnley,Defender,Ireland,30,35,8,14,1,63,3,1038,2,28,1,34,28,1,0
Kevin McDonald,Fulham,Midfielder,Scotland,31,41,3,29,1,60,1,1285,19,33,2,43,6,9,1
Ki-Jana Hoever,Wolverhampton-Wanderers,Defender,Netherlands,18,0,0,0,0,0,0,0,0,0,0,0,2,0,0
Kieran Gibbs,West-Bromwich-Albion,Defender,England,30,172,88,40,2,332,9,6012,429,112,13,307,3,17,2
Kieran Tierney,Arsenal,Defender,Scotland,23,16,7,5,1,21,1,519,45,9,0,12,3,2,0
Kiko Casilla,Leeds-United,Goalkeeper,Spain,33,0,0,0,0,,0,0,,0,,,13,0,0
Konstantinos Tsimikas,Liverpool,Defender,Greece,24,0,0,0,0,0,0,0,0,0,0,0,21,0,0
Kortney Hause,Aston-Villa,Defender,England,25,18,3,11,1,21,0,799,0,24,1,20,30,3,0
Kurt Zouma,Chelsea,Defender,France,25,143,60,49,5,160,4,5767,20,87,6,225,15,10,1
Kyle Bartley,West-Bromwich-Albion,Defender,England,29,23,6,11,0,32,0,776,3,22,2,26,5,6,0
Kyle Edwards,West-Bromwich-Albion,Midfielder,England,22,2,0,2,0,2,0,11,0,0,0,0,21,0,0
Kyle Walker,Manchester-City,Defender,England,30,293,183,50,7,600,29,15694,748,239,22,498,2,45,1
Kyle Walker-Peters,Southampton,Defender,England,23,24,13,6,0,41,6,925,38,14,3,28,2,3,0
Lars Dendoncker,Brighton-and-Hove-Albion,Midfielder,Belgium,19,0,0,0,0,0,0,0,0,0,0,0,53,0,0
Leander Dendoncker,Wolverhampton-Wanderers,Midfielder,Belgium,25,59,26,15,6,124,0,1966,16,43,1,61,32,6,0
Leandro Trossard,Brighton-and-Hove-Albion,Forward,Belgium,25,33,7,14,6,23,4,772,83,17,4,11,11,0,0
Lee Grant,Manchester-United,Goalkeeper,England,37,31,10,12,0,,0,959,,0,,,,1,0
Lee Peltier,West-Bromwich-Albion,Defender,England,33,20,7,12,0,39,0,342,6,15,0,18,22,4,0
Leif Davis,Leeds-United,Defender,England,20,0,0,0,0,0,0,0,0,0,0,0,24,0,0
Leonardo Campana,Wolverhampton-Wanderers,Forward,Ecuador,20,0,0,0,0,0,0,0,0,0,0,0,30,0,0
Lewis Dunk,Brighton-and-Hove-Albion,Defender,England,28,112,28,49,6,151,5,5364,10,80,1,173,5,21,1
Liam Cooper,Leeds-United,Defender,Scotland,29,3,1,2,0,3,0,70,0,1,0,6,6,0,0
Liam Delap,Manchester-City,Forward,England,17,0,0,0,0,0,0,0,0,0,0,0,48,0,0
Loris Karius,Liverpool,Goalkeeper,Germany,27,29,17,4,0,,0,789,,2,,,22,1,0
Lovre Kalinic,Aston-Villa,Goalkeeper,Croatia,30,0,0,0,0,,0,0,,0,,,28,0,0
Lucas Digne,Everton,Defender,France,27,72,28,27,4,150,12,2961,570,83,5,104,12,11,1
Lucas Moura,Tottenham-Hotspur,Forward,Brazil,28,75,38,26,14,95,5,1653,43,62,20,42,27,6,0
Lucas Torreira,Arsenal,Midfielder,Uruguay,24,63,28,15,3,96,3,2493,40,62,0,75,11,14,1
Luka Milivojevic,Crystal-Palace,Midfielder,Serbia,29,121,41,53,27,264,4,5573,376,207,2,227,4,34,0
Lukasz Fabianski,West-Ham-United,Goalkeeper,Poland,35,246,91,104,0,,2,6328,,6,,,1,4,1
Luke Ayling,Leeds-United,Defender,England,29,2,1,1,0,10,0,108,3,1,0,0,2,0,0
Luke Shaw,Manchester-United,Defender,England,25,157,68,39,1,275,7,6663,425,138,7,167,23,29,1
Luke Thomas,Leicester-City,Defender,England,19,3,1,2,0,1,1,153,16,1,0,3,33,0,0
Lys Mousset,Sheffield-United,Forward,France,24,88,31,38,9,25,4,585,19,48,21,8,11,3,0
Mamadou Sakho,Crystal-Palace,Defender,France,30,125,52,43,3,144,2,5917,6,39,1,200,12,6,1
Manuel Lanzini,West-Ham-United,Midfielder,Argentina,27,122,39,49,20,123,13,5096,257,50,20,118,10,19,0
Marc Albrighton,Leicester-City,Midfielder,England,30,258,91,94,17,425,37,5597,1593,167,17,261,11,32,1
Marcos Alonso,Chelsea,Defender,Spain,29,140,87,32,20,288,12,6434,428,125,16,215,3,25,1
Marcos Rojo,Manchester-United,Defender,Argentina,30,76,45,10,1,140,1,3503,83,81,2,130,16,23,0
Marcus Rashford,Manchester-United,Forward,England,22,143,76,28,44,74,21,2979,258,90,52,35,10,12,1
Marek Rodák,Fulham,Goalkeeper,Slovakia,23,1,0,1,0,,0,25,,0,,,12,0,0
Mario Lemina,Fulham,Midfielder,Gabon,27,47,8,22,2,105,2,1787,19,60,3,80,18,7,0
Mark Gillespie,Newcastle-United,Goalkeeper,England,28,0,0,0,0,,0,0,,0,,,29,0,0
Mark Noble,West-Ham-United,Midfielder,England,33,383,130,158,46,860,35,17862,958,380,27,566,16,81,5
Marko Grujic,Liverpool,Midfielder,Serbia,24,8,4,3,0,3,0,47,0,2,0,0,16,1,0
Martin Dubravka,Newcastle-United,Goalkeeper,Slovakia,31,88,29,38,0,,0,2318,,0,,,1,1,0
Martin Kelly,Crystal-Palace,Defender,England,30,153,55,62,0,335,5,3820,210,117,1,153,34,14,0
Marvelous Nakamba,Aston-Villa,Midfielder,Zimbabwe,26,29,7,16,0,55,0,782,4,26,0,39,19,5,0
Marçal,Wolverhampton-Wanderers,Defender,Brazil,31,2,1,1,0,2,0,37,1,1,0,2,5,1,0
Mason Greenwood,Manchester-United,Forward,England,18,35,14,10,10,20,1,577,12,12,5,6,11,0,0
Mason Holgate,Everton,Defender,England,23,65,28,16,0,113,4,2429,62,43,3,81,4,11,0
Mason Mount,Chelsea,Midfielder,England,21,39,20,13,7,43,5,1312,138,40,4,18,19,3,0
Mat Ryan,Brighton-and-Hove-Albion,Goalkeeper,Australia,28,112,27,50,0,,0,3272,,2,,,1,2,0
Matej Vydra,Burnley,Forward,Czech Republic,28,57,11,30,6,10,5,359,11,9,10,5,27,1,0
Mateo Kovacic,Chelsea,Midfielder,Croatia,26,64,34,16,1,108,5,3398,16,40,0,30,17,11,0
Mateusz Bogusz,Leeds-United,Midfielder,Poland,19,0,0,0,0,0,0,0,0,0,0,0,44,0,0
Mateusz Klich,Leeds-United,Midfielder,Poland,30,2,1,1,2,6,1,92,3,5,1,4,43,1,0
Matheus Pereira,West-Bromwich-Albion,Forward,Brazil,24,2,0,2,1,1,1,56,5,3,0,3,12,0,0
Matt Doherty,Tottenham-Hotspur,Defender,Ireland,28,77,32,22,8,128,8,2970,108,63,6,103,2,7,0
Matt Macey,Arsenal,Goalkeeper,England,26,0,0,0,0,,0,0,,0,,,33,0,0
Matt Phillips,West-Bromwich-Albion,Midfielder,Scotland,29,110,28,55,10,100,22,1831,536,57,20,70,10,6,0
Matt Ritchie,Newcastle-United,Midfielder,Scotland,31,128,38,58,11,193,20,4121,753,159,8,150,11,24,0
Matt Targett,Aston-Villa,Defender,England,25,72,24,28,2,122,6,2240,250,41,2,124,18,8,0
Matteo Guendouzi,Arsenal,Midfielder,France,21,57,24,17,0,75,1,2750,21,41,0,59,29,15,0
Matthew Cash,Aston-Villa,Defender,England,23,1,1,0,0,1,0,56,6,0,0,2,2,1,0
Matthew Longstaff,Newcastle-United,Midfielder,England,20,9,2,4,2,3,0,255,2,6,0,5,4,1,0
Matthew Lowton,Burnley,Defender,England,31,172,49,83,2,415,12,5463,428,144,1,317,2,35,0
Matty James,Leicester-City,Midfielder,England,29,42,12,21,0,61,1,1260,110,34,0,67,22,4,1
Max Lowe,Sheffield-United,Defender,England,23,0,0,0,0,0,0,0,0,0,0,0,13,0,0
Max Meyer,Crystal-Palace,Midfielder,Germany,25,46,11,24,1,52,2,864,33,16,3,22,7,4,0
Max Sanders,Brighton-and-Hove-Albion,Midfielder,England,21,0,0,0,0,0,0,0,0,0,0,0,41,0,0
Maxime Le Marchand,Fulham,Defender,France,30,26,7,17,0,56,1,1386,17,28,3,54,20,5,0
Maximilian Kilman,Wolverhampton-Wanderers,Defender,England,23,4,2,1,0,4,0,101,0,2,0,4,49,0,0
Meritan Shabani,Wolverhampton-Wanderers,Midfielder,Germany,21,0,0,0,0,0,0,0,0,0,0,0,57,0,0
Mesut Özil,Arsenal,Midfielder,Germany,31,184,100,39,33,161,54,11186,834,95,83,75,10,13,0
Michael Hector,Fulham,Defender,Jamaica,28,2,0,2,0,3,0,127,0,3,0,0,3,1,0
Michael Keane,Everton,Defender,England,27,153,53,64,6,157,5,6162,11,82,5,249,5,13,0
Michael Obafemi,Southampton,Forward,Ireland,20,28,10,12,4,8,3,156,3,13,4,7,14,2,0
Michael Verrips,Sheffield-United,Goalkeeper,Netherlands,23,0,0,0,0,,0,0,,0,,,21,0,0
Michail Antonio,West-Ham-United,Forward,England,30,135,46,56,37,120,14,2689,322,153,60,126,30,14,1
Michy Batshuayi,Crystal-Palace,Forward,Belgium,26,60,37,15,13,13,3,421,3,24,29,7,23,0,0
Miguel Almirón,Newcastle-United,Midfielder,Paraguay,26,48,17,18,4,81,3,1098,65,37,28,39,24,5,0
Mohamed Elneny,Arsenal,Midfielder,Egypt,28,47,29,10,0,57,3,2532,30,24,2,41,25,7,1
Mohamed Salah,Liverpool,Forward,Egypt,28,123,90,12,78,58,29,3357,200,63,65,25,11,4,0
Mohammed Salisu,Southampton,Defender,Ghana,21,0,0,0,0,0,0,0,0,0,0,0,22,0,0
Moise Kean,Everton,Forward,Italy,20,31,9,13,2,6,2,131,14,28,4,5,27,1,0
Moussa Djenepo,Southampton,Midfielder,Mali,22,20,7,11,2,28,2,266,21,26,3,10,12,4,1
Moussa Sissoko,Tottenham-Hotspur,Midfielder,France,31,235,110,83,14,280,24,8466,459,276,24,163,17,36,2
Muhamed Besic,Everton,Midfielder,Bosnia And Herzegovina,28,46,14,17,0,93,0,1339,18,42,0,34,30,11,0
N'Golo Kanté,Chelsea,Midfielder,France,29,166,98,35,10,540,10,8952,86,218,7,420,7,22,0
Naby Keita,Liverpool,Midfielder,Guinea,25,45,36,2,4,69,4,1760,12,35,1,25,8,1,0
Nampalys Mendy,Leicester-City,Midfielder,France,28,44,20,16,0,45,0,1559,6,34,0,37,24,7,0
Nathan Aké,Manchester-City,Defender,Netherlands,25,147,52,67,12,255,6,5634,61,97,7,206,6,15,1
Nathan Ferguson,Crystal-Palace,Defender,England,19,0,0,0,0,0,0,0,0,0,0,0,,0,0
Nathan Redmond,Southampton,Midfielder,England,26,208,53,99,25,253,18,5788,525,155,48,113,11,12,1
Nathan Tella,Southampton,Midfielder,England,21,2,1,1,0,0,0,4,0,0,0,0,23,0,0
Nathan Trott,West-Ham-United,Goalkeeper,England,21,0,0,0,0,,0,0,,0,,,34,0,0
Nathaniel Phillips,Liverpool,Defender,England,23,0,0,0,0,0,0,0,0,0,0,0,47,0,0
Neal Maupay,Brighton-and-Hove-Albion,Forward,France,24,39,10,16,12,21,4,710,13,38,15,5,9,3,0
Neco Williams,Liverpool,Defender,Wales,19,6,4,1,0,5,0,167,14,5,0,9,76,1,0
Neeskens Kebano,Fulham,Midfielder,The Democratic Republic Of Congo,28,9,0,9,0,3,0,57,7,3,1,0,7,0,0
Neil Taylor,Aston-Villa,Defender,Wales,31,145,48,62,0,266,5,5491,255,121,3,241,3,21,0
Nemanja Matic,Manchester-United,Midfielder,Serbia,32,208,127,36,6,491,19,12463,92,234,14,337,31,36,3
Nick Pope,Burnley,Goalkeeper,England,28,74,28,26,0,,0,2124,,1,,,1,4,0
Nicolas Pépé,Arsenal,Forward,Cote D'Ivoire,25,33,15,9,5,32,6,723,113,14,4,8,19,4,0
Nicolás Otamendi,Manchester-City,Defender,Argentina,32,136,94,22,8,269,1,9366,7,118,1,286,30,31,0
Niels Nkounkou,Everton,Defender,France,19,0,0,0,0,0,0,0,0,0,0,0,18,0,0
Nya Kirby,Crystal-Palace,Midfielder,England,20,0,0,0,0,0,0,0,0,0,0,0,37,0,0
Odion Ighalo,Manchester-United,Forward,Nigeria,31,67,23,27,16,39,4,1045,20,65,37,18,25,5,0
Ola Aina,Fulham,Defender,Nigeria,23,3,3,0,0,0,0,16,0,0,0,0,34,0,0
Oleksandr Zinchenko,Manchester-City,Defender,Ukraine,23,41,34,6,0,88,3,3066,101,35,4,43,11,2,1
Oliver Burke,Sheffield-United,Midfielder,Scotland,23,16,0,13,0,6,2,149,9,5,0,7,14,0,0
Oliver Casey,Leeds-United,Defender,England,19,0,0,0,0,0,0,0,0,0,0,0,49,0,0
Oliver McBurnie,Sheffield-United,Forward,Scotland,24,54,17,25,6,45,1,785,15,35,5,17,9,5,0
Oliver Norwood,Sheffield-United,Midfielder,Northern Ireland,29,39,14,13,1,66,1,2062,205,32,1,49,16,8,0
Olivier Giroud,Chelsea,Forward,France,33,238,133,56,86,145,28,4718,90,223,120,64,18,18,2
Ollie Watkins,Aston-Villa,Forward,England,24,1,1,0,0,0,0,19,0,2,1,0,11,0,0
Oriol Romeu,Southampton,Midfielder,Spain,29,183,66,67,4,471,0,7889,20,253,5,328,6,49,0
Oskar Buur,Wolverhampton-Wanderers,Defender,Denmark,22,1,1,0,0,0,0,14,0,0,0,0,59,0,0
Pablo Fornals,West-Ham-United,Midfielder,Spain,24,38,10,19,2,47,5,893,63,19,7,26,18,3,0
Pablo Hernández,Leeds-United,Midfielder,Spain,35,58,15,26,5,56,13,2341,183,29,10,54,19,5,0
Pascal Groß,Brighton-and-Hove-Albion,Midfielder,Germany,29,93,20,42,12,101,15,2937,522,67,22,37,13,7,0
Pascal Struijk,Leeds-United,Defender,Netherlands,21,1,0,1,0,4,0,59,0,0,0,3,21,0,0
Patrick Bamford,Leeds-United,Forward,England,27,29,4,20,3,14,1,193,8,23,7,6,9,1,0
Patrick Roberts,Manchester-City,Midfielder,England,23,6,0,6,0,1,0,30,0,2,0,0,,1,0
Patrick van Aanholt,Crystal-Palace,Defender,Netherlands,30,191,57,92,20,350,14,6833,388,94,27,326,3,19,0
Paul Dummett,Newcastle-United,Defender,Wales,28,128,42,56,2,216,0,3814,202,58,1,177,3,12,1
Paul Pogba,Manchester-United,Midfielder,France,27,112,63,18,25,157,26,7139,105,190,13,83,6,19,1
Paulo Gazzaniga,Tottenham-Hotspur,Goalkeeper,Argentina,28,43,13,20,0,,0,982,,1,,,22,1,0
Pedro Neto,Wolverhampton-Wanderers,Forward,Portugal,20,31,14,7,3,11,4,399,52,16,5,9,7,3,0
Peter Gwargis,Brighton-and-Hove-Albion,Midfielder,Sweden,20,0,0,0,0,0,0,0,0,0,0,0,55,0,0
Phil Bardsley,Burnley,Defender,Scotland,35,300,100,130,7,728,5,9247,660,327,5,423,26,78,2
Phil Foden,Manchester-City,Midfielder,England,20,42,38,3,7,25,3,819,38,17,1,10,47,0,0
Phil Jagielka,Sheffield-United,Defender,England,38,366,147,111,18,703,9,14775,131,159,3,618,15,23,2
Phil Jones,Manchester-United,Defender,England,28,200,104,44,2,394,6,7835,137,155,3,404,4,27,0
Pierre-Emerick Aubameyang,Arsenal,Forward,Gabon,31,87,43,25,55,58,13,1880,155,30,55,25,14,4,1
Pierre-Emile Højbjerg,Tottenham-Hotspur,Midfielder,Denmark,25,111,34,49,4,245,4,5860,89,149,2,177,5,21,2
Rachid Ghezzal,Leicester-City,Midfielder,Algeria,28,19,5,12,1,14,0,422,45,13,0,7,31,3,0
Raheem Sterling,Manchester-City,Forward,England,25,260,161,55,86,256,45,8317,514,297,95,125,7,28,1
Raúl Jiménez,Wolverhampton-Wanderers,Forward,Mexico,29,78,32,23,32,51,13,2108,57,81,52,43,9,7,0
Reece James,Chelsea,Defender,England,20,26,15,8,1,43,3,1104,120,24,1,26,24,1,0
Regan Slater,Sheffield-United,Midfielder,England,21,0,0,0,0,0,0,0,0,0,0,0,28,0,0
Reiss Nelson,Arsenal,Forward,England,20,20,10,5,1,15,0,286,25,8,4,6,24,1,0
Rekeem Harper,West-Bromwich-Albion,Midfielder,England,20,2,1,1,0,1,0,18,0,1,0,1,16,0,0
Rhian Brewster,Liverpool,Forward,England,20,0,0,0,0,0,0,0,0,0,0,0,24,0,0
Ricardo Pereira,Leicester-City,Defender,Portugal,26,63,29,24,5,237,8,3104,164,86,2,109,21,8,0
Richarlison,Everton,Forward,Brazil,23,111,41,47,31,190,10,2452,158,114,56,53,7,17,1
Riyad Mahrez,Manchester-City,Forward,Algeria,29,199,98,58,57,211,40,6019,741,117,45,141,26,7,0
Rob Holding,Arsenal,Defender,England,25,41,25,9,0,50,0,2200,3,32,0,54,16,8,0
Robbie Brady,Burnley,Midfielder,Ireland,28,142,37,77,9,241,12,3280,724,117,13,136,12,15,1
Robbie Gotts,Leeds-United,Defender,England,20,0,0,0,0,0,0,0,0,0,0,0,36,0,0
Robert Snodgrass,West-Ham-United,Midfielder,Scotland,33,160,43,78,26,265,23,4715,1090,199,27,106,11,30,0
Robert Sánchez,Brighton-and-Hove-Albion,Goalkeeper,Spain,22,0,0,0,0,,0,0,,0,,,26,0,0
Roberto Firmino,Liverpool,Forward,Brazil,28,177,115,23,57,259,36,6222,159,206,60,73,9,8,0
Robin Koch,Leeds-United,Defender,Germany,24,2,1,1,0,5,0,107,0,3,0,2,5,0,0
Rodrigo,Manchester-City,Midfielder,Spain,24,36,25,8,3,53,2,2673,8,45,0,27,16,9,0
Rodrigo Moreno,Leeds-United,Forward,Spain,29,19,4,12,1,15,1,190,26,9,2,12,20,0,0
Romain Saïss,Wolverhampton-Wanderers,Midfielder,Morocco,30,54,24,16,5,97,1,2453,18,72,2,87,27,17,1
Romaine Sawyers,West-Bromwich-Albion,Midfielder,Saint Kitts And Nevis,28,2,0,2,0,2,0,63,0,1,0,2,19,0,0
Romaric Yapi,Brighton-and-Hove-Albion,Defender,France,20,0,0,0,0,0,0,0,0,0,0,0,52,0,0
Ross Barkley,Chelsea,Midfielder,England,26,202,91,59,25,172,27,7686,322,155,19,76,8,18,0
Ruben Loftus-Cheek,Chelsea,Midfielder,England,24,78,35,22,9,54,6,1854,16,39,6,44,12,1,0
Rui Patrício,Wolverhampton-Wanderers,Goalkeeper,Portugal,32,77,31,23,0,,0,1530,,0,,,11,0,0
Ryan Bertrand,Southampton,Defender,England,31,231,83,95,7,338,15,8783,817,211,10,331,3,31,2
Ryan Fraser,Newcastle-United,Midfielder,Scotland,26,121,34,59,16,57,26,3469,711,40,14,67,21,7,0
Ryan Fredericks,West-Ham-United,Defender,England,27,44,13,22,1,122,4,1358,89,38,2,41,24,14,0
Ryan Inniss,Crystal-Palace,Defender,England,25,0,0,0,0,0,0,0,0,0,0,0,45,0,0
Ryan Sessegnon,Tottenham-Hotspur,Midfielder,England,20,41,10,25,2,29,6,846,79,24,17,22,19,0,0
Rúben Neves,Wolverhampton-Wanderers,Midfielder,Portugal,23,75,30,23,6,139,5,4024,61,66,0,131,8,17,0
Rúben Vinagre,Wolverhampton-Wanderers,Defender,Portugal,21,34,14,10,0,40,0,556,83,19,1,26,29,2,0
Rúnar Alex Rúnarsson,Arsenal,Goalkeeper,Iceland,25,0,0,0,0,,0,0,,0,,,13,0,0
Sadio Mané,Liverpool,Forward,Senegal,28,196,121,35,86,226,29,6136,278,215,117,97,10,21,3
Sam Field,West-Bromwich-Albion,Midfielder,England,22,20,5,9,1,21,0,275,15,16,0,15,28,5,0
Sam Johnstone,West-Bromwich-Albion,Goalkeeper,England,27,2,0,2,0,,0,51,,0,,,1,0,0
Sam Woods,Crystal-Palace,Defender,England,22,0,0,0,0,0,0,0,0,0,0,0,35,0,0
Sander Berge,Sheffield-United,Midfielder,Norway,22,16,6,7,1,24,1,412,23,19,1,11,8,0,0
Sandro Ramírez,Everton,Forward,Spain,25,8,2,4,0,2,0,82,6,1,1,1,28,0,0
Scott Carson,Manchester-City,Goalkeeper,England,35,145,44,66,0,,2,2722,,4,,,33,6,1
Scott Dann,Crystal-Palace,Defender,England,33,227,74,95,15,291,11,6399,24,145,10,343,6,34,0
Scott McTominay,Manchester-United,Midfielder,Scotland,23,59,33,13,6,69,1,1926,22,59,1,62,39,6,0
Sead Kolasinac,Arsenal,Defender,Bosnia And Herzegovina,27,78,40,22,2,112,11,3201,123,74,16,72,31,12,0
Sean Longstaff,Newcastle-United,Midfielder,England,22,33,12,15,2,52,1,925,36,24,0,29,36,4,1
Semi Ajayi,West-Bromwich-Albion,Defender,Nigeria,26,2,0,2,0,0,0,54,0,2,0,2,6,1,0
Sepp van den Berg,Liverpool,Defender,Netherlands,18,0,0,0,0,0,0,0,0,0,0,0,72,0,0
Serge Aurier,Tottenham-Hotspur,Defender,Cote D'Ivoire,27,58,32,13,3,162,9,2326,229,79,9,85,24,4,2
Sergio Agüero,Manchester-City,Forward,Argentina,32,263,177,44,180,150,46,6134,176,167,194,73,10,23,1
Sergio Reguilón,Tottenham-Hotspur,Defender,Spain,23,0,0,0,0,0,0,0,0,0,0,0,3,0,0
Sergio Romero,Manchester-United,Goalkeeper,Argentina,33,7,4,1,0,,0,181,,0,,,22,0,0
Shane Long,Southampton,Forward,Ireland,33,322,110,143,55,230,23,4540,307,395,186,125,7,28,0
Shkodran Mustafi,Arsenal,Defender,Germany,28,99,52,26,7,197,4,5907,45,117,7,195,20,28,0
Simon Moore,Sheffield-United,Goalkeeper,England,30,2,0,1,0,,0,44,,0,,,25,0,0
Sofiane Boufal,Southampton,Midfielder,Morocco,27,70,12,35,3,91,4,1328,101,77,5,15,19,8,0
Sokratis,Arsenal,Defender,Greece,32,44,21,11,3,67,2,2416,1,56,1,43,5,18,0
Solly March,Brighton-and-Hove-Albion,Midfielder,England,26,92,21,42,2,140,7,1971,329,70,15,62,20,6,0
Son Heung-Min,Tottenham-Hotspur,Forward,South Korea,28,162,95,36,57,110,29,3731,242,65,99,57,7,4,2
Stefan Johansen,Fulham,Midfielder,Norway,29,12,1,9,0,10,0,250,9,6,0,3,8,4,0
Stephen Henderson,Crystal-Palace,Goalkeeper,Ireland,32,0,0,0,0,,0,0,,0,,,19,0,0
Steven Alzate,Brighton-and-Hove-Albion,Midfielder,Colombia,22,21,6,9,0,34,0,681,8,21,3,15,17,1,0
Steven Bergwijn,Tottenham-Hotspur,Forward,Netherlands,22,16,8,4,3,10,1,265,10,9,0,1,23,2,0
Stuart Armstrong,Southampton,Midfielder,Scotland,28,60,19,26,8,61,5,1230,48,47,7,23,17,6,0
Stuart Dallas,Leeds-United,Midfielder,Northern Ireland,29,2,1,1,0,12,0,101,1,0,0,4,15,0,0
Séamus Coleman,Everton,Defender,Ireland,31,276,114,79,20,480,21,8930,742,194,29,296,23,29,2
Sébastien Haller,West-Ham-United,Forward,France,26,34,9,18,7,22,1,779,8,49,19,8,22,1,0
Takumi Minamino,Liverpool,Forward,Japan,25,11,7,3,0,3,0,107,2,7,0,0,18,0,0
Tammy Abraham,Chelsea,Forward,England,22,68,25,29,20,18,4,721,26,35,35,8,9,2,0
Tanguy Ndombele,Tottenham-Hotspur,Midfielder,France,23,23,6,10,2,24,2,672,13,15,0,14,28,4,0
Tariq Lamptey,Brighton-and-Hove-Albion,Defender,England,19,11,4,4,0,12,2,243,27,16,0,23,2,3,0
Teden Mengi,Manchester-United,Defender,England,18,0,0,0,0,0,0,0,0,0,0,0,71,0,0
Theo Walcott,Everton,Forward,England,31,346,176,93,75,214,51,5491,952,101,163,149,11,10,0
Thiago,Liverpool,Midfielder,Spain,29,1,1,0,0,1,0,82,1,3,0,1,6,0,0
Thiago Silva,Chelsea,Defender,Brazil,36,0,0,0,0,0,0,0,0,0,0,0,6,0,0
Tim Ream,Fulham,Defender,United States,32,40,9,24,0,42,1,1517,3,16,0,65,13,2,0
Timo Werner,Chelsea,Forward,Germany,24,2,1,1,0,1,0,49,0,3,2,3,11,0,0
Timothy Castagne,Leicester-City,Defender,Belgium,24,2,2,0,1,4,1,128,6,1,0,3,27,0,0
Timothy Fosu-Mensah,Manchester-United,Defender,Netherlands,22,49,17,23,0,80,1,1316,40,36,2,65,24,8,0
Toby Alderweireld,Tottenham-Hotspur,Defender,Belgium,31,176,98,42,8,226,4,10036,57,68,3,183,4,20,0
Tom Cairney,Fulham,Midfielder,Scotland,29,43,7,28,2,57,1,1882,57,22,0,32,10,2,0
Tom Davies,Everton,Midfielder,England,22,106,46,34,5,132,4,2909,43,116,9,100,26,22,0
Tom Heaton,Aston-Villa,Goalkeeper,England,34,116,34,55,0,,0,3290,,2,,,1,5,0
Tommy Doyle,Manchester-City,Midfielder,England,18,1,1,0,0,0,0,20,0,0,0,0,69,0,0
Trent Alexander-Arnold,Liverpool,Defender,England,21,95,74,8,6,158,26,5323,708,50,10,114,66,11,0
Trézéguet,Aston-Villa,Midfielder,Egypt,25,35,9,19,6,40,1,388,73,39,6,27,17,2,1
Tyler Roberts,Leeds-United,Forward,Wales,21,3,1,1,0,1,0,33,2,3,0,0,11,1,0
Tyrese Francois,Fulham,Midfielder,Australia,20,0,0,0,0,0,0,0,0,0,0,0,35,0,0
Tyrick Mitchell,Crystal-Palace,Defender,England,21,6,2,3,0,15,0,132,5,2,0,3,27,1,0
Tyrone Mings,Aston-Villa,Defender,England,27,51,13,27,2,30,3,1961,10,30,2,49,5,8,0
Vicente Guaita,Crystal-Palace,Goalkeeper,Spain,33,57,23,21,0,,0,1428,,1,,,31,3,0
Victor Lindelöf,Manchester-United,Defender,Sweden,26,83,41,19,2,86,1,4419,4,53,0,63,2,8,0
Viktor Gyökeres,Brighton-and-Hove-Albion,Forward,Sweden,22,0,0,0,0,0,0,0,0,0,0,0,42,0,0
Virgil van Dijk,Liverpool,Defender,Netherlands,29,159,98,30,14,184,3,10554,3,88,4,278,4,8,1
Vitinha,Wolverhampton-Wanderers,Midfielder,Portugal,20,1,1,0,0,0,0,5,0,0,0,0,20,0,0
Wayne Hennessey,Crystal-Palace,Goalkeeper,Wales,33,181,47,94,0,,1,4858,,1,,,13,4,0
Wes Foderingham,Sheffield-United,Goalkeeper,England,29,0,0,0,0,,0,0,,0,,,18,0,0
Wes Morgan,Leicester-City,Defender,Jamaica,36,168,70,60,8,200,2,4435,6,129,5,313,5,12,3
Wesley,Aston-Villa,Forward,Brazil,23,21,6,12,5,15,1,367,7,43,14,4,9,3,0
Wilfred Ndidi,Leicester-City,Midfielder,Nigeria,23,122,52,44,6,482,5,6181,27,189,5,253,25,20,2
Wilfried Zaha,Crystal-Palace,Forward,Cote D'Ivoire,27,217,70,94,39,294,24,4555,537,287,79,123,11,33,1
Will Norris,Burnley,Goalkeeper,England,27,1,1,0,0,,0,0,,0,,,25,0,0
William Saliba,Arsenal,Defender,France,19,0,0,0,0,0,0,0,0,0,0,0,4,0,0
William Smallbone,Southampton,Midfielder,Ireland,20,11,5,3,0,13,2,248,9,4,0,3,20,0,0
Willian,Arsenal,Forward,Brazil,32,236,137,47,37,246,35,8290,1009,131,33,100,12,21,1
Willy Boly,Wolverhampton-Wanderers,Defender,France,29,60,24,18,4,147,1,2779,2,55,4,116,15,3,2
Willy Caballero,Chelsea,Goalkeeper,Argentina,38,33,19,5,0,,0,798,,0,,,13,0,0
Xande Silva,West-Ham-United,Forward,Portugal,23,1,0,1,0,0,0,4,0,0,0,0,32,0,0
Xherdan Shaqiri,Liverpool,Midfielder,Switzerland,28,115,49,37,22,70,18,3039,555,79,30,43,23,12,0
Yan Valery,Southampton,Defender,France,21,34,11,15,2,62,1,621,66,34,5,35,18,4,1
Yannick Bolasie,Everton,Forward,The Democratic Republic Of Congo,31,119,38,51,11,151,17,2124,595,140,46,48,29,9,1
Yerry Mina,Everton,Defender,Colombia,26,44,17,16,3,54,1,2052,4,33,3,41,13,6,0
Youri Tielemans,Leicester-City,Midfielder,Belgium,23,52,25,17,6,71,10,2594,114,43,1,32,8,4,0
Yves Bissouma,Brighton-and-Hove-Albion,Midfielder,Mali,24,52,13,26,1,115,0,1441,14,74,2,57,8,9,1
Zack Steffen,Manchester-City,Goalkeeper,United States,25,0,0,0,0,,0,0,,0,,,,0,0
Zak Brunt,Sheffield-United,Midfielder,England,18,0,0,0,0,0,0,0,0,0,0,0,42,0,0
Çaglar Söyüncü,Leicester-City,Defender,Turkey,24,42,20,11,1,69,1,2696,6,39,1,52,4,5,1
Ørjan Nyland,Aston-Villa,Goalkeeper,Norway,30,7,1,4,0,,0,152,,0,,,25,0,0